{"cameraMode":{"drawMode":0,"name":"Shaded","section":"Shading Mode"},"sceneLighting":true,"audioPlay":false,"sceneViewState":{"m_AlwaysRefresh":false,"showFog":true,"showSkybox":true,"showFlares":true,"showImageEffects":true,"showParticleSystems":true,"showVisualEffectGraphs":true,"m_FxEnabled":true},"in2DMode":false,"pivot":{"x":-3.189321994781494,"y":3.920945405960083,"z":-3.760765314102173},"rotation":{"x":-0.34017062187194826,"y":0.003667040728032589,"z":-0.0013198857195675374,"w":-0.940324604511261},"size":11.296209335327149,"orthographic":false}